{"Collections":[{"sheetName":"features","startColumn":"A","endColumn":"A","startRow":"2","endRow":"14","comment":"","rule":"Individual: @A*\nTypes: Model\nFacts: brand_model_name\t@A*,\n       model_name @C*,\t\n       sim @D*,\n       rating @E*,\t\n       GPRS @F*,\n       EDGE @G*,\t\n       audio_jack @H*,\n       battery @I*,\n       primary_camera @J*,\n       RAM @K*,\n       CPU @L*,\n       screen_size @M*,\n       has_brand @B*","active":true},{"sheetName":"comments","startColumn":"A","endColumn":"A","startRow":"2","endRow":"14","comment":"","rule":"Individual: @A*\nTypes: Comments\nFacts: comment_id @A*,\n       has_model @B*, \n       comment_rating @E*,  \n       comment_string @F*","active":true},{"sheetName":"manufactures","startColumn":"A","endColumn":"A","startRow":"2","endRow":"14","comment":"","rule":"Individual: @A*\nTypes: Brand\nFacts: brand_name @A*,\n       head_quarters @D*, \n       type @B*, \n       founded @C*, \n       areas_served @E*, \n       employee_count @F*,\n       website @G*","active":true},{"sheetName":"features","startColumn":"A","endColumn":"A","startRow":"2","endRow":"+","comment":"","rule":"Individual: @A*\nTypes: Model\nFacts:  \n       image @Q*","active":true}]}